{
    "age": {
        "max": 35.0,
        "median": 26.5,
        "min": 22.0,
        "std": 4.718756898449704
    },
    "salary": {
        "mean": 3833.4583333333335,
        "sum": "23000.7500000000"
    }
}