age,salary
35.0,
27.333333333333332,3833.4583333333335
26.5,
22.0,
4.718756898449704,
,23000.75
